EUNL.DE,IS3N.DE
52,51
52,0
-5,14
-40,25
31,0
-34,-9
37,1
-32,-38
44,2
-23,63
-51,-65
52,52
1,-21
11,1
-43,1
42,2
-50,-5
51,2
-28,-30
37,2
-29,69
-16,-36
34,2
-28,-36
39,2
-30,67
4,-20
10,0
-42,-11
45,1
-40,-24
48,0
-19,21
11,2
-33,-6
35,2
-31,-39
43,1
-30,68
15,-32
-12,-17
20,2
-39,30
28,2
-35,-9
38,1
-40,-11
43,2
-30,-32
41,0
-3,8
-30,68
0,-30
17,2
-29,-36
40,2
-31,49
14,2
-31,-13
35,1
-35,-10
38,1
-35,-9
38,1
-47,-13
51,1
-51,10
47,2
-34,-37
46,1
-29,65
15,-42
18,-39
-15,37
1,-20
12,-10
0,2
-39,55
20,1
-43,-39
56,2
-42,48
25,2
-59,-15
52,36
-60,-16
47,53
-45,-22
36,46
-44,-30
39,46
-33,-19
24,45
-33,-29
27,45
-34,4
17,45
-17,-16
22,2
-22,-16
27,2
-27,-26
20,45
-20,-38
18,45
-18,-26
27,0
-27,-40
24,45
-24,-30
19,45
-19,-16
25,0
-25,-29
19,45
-19,-19
26,0
-26,-29
20,45
-20,-2
21,1
-21,-30
31,0
-31,-46
31,45
-31,-3
17,45
-17,-6
0,-29
29,0
-29,-26
22,45
-22,-10
26,0
-26,-34
22,45
-22,-26
30,2
-30,-46
30,45
-30,-44
30,45
-30,-47
31,45
-31,-39
29,45
-29,-36
26,45
-26,-8
29,1
-29,-42
29,45
-29,-39
26,45
-26,-46
26,45
-26,-52
28,45
-28,-52
30,45
-30,-48
31,45
-31,-41
29,45
-29,-48
30,45
-30,-38
28,45
-28,-46
28,45
-28,-49
29,45
-29,-39
27,45
-27,-76
38,45
-38,-58
39,57
-39,-35
35,45
-35,-28
29,45
-29,-35
26,45
-26,-10
30,0
-30,-31
25,45
-25,-21
16,45
-16,-20
23,1
-23,-27
16,45
-16,-28
26,0
-26,-27
20,45
-20,-20
27,0
-27,-38
24,45
-24,-2
25,0
-25,-30
20,45
-20,-29
29,2
-29,-48
30,45
-30,-47
30,45
-30,-19
22,45
-22,-11
26,0
-26,-27
19,45
-19,-21
26,1
-26,-45
25,45
-25,-15
16,45
-16,-17
21,2
-21,-22
28,1
-28,-46
27,45
-27,-32
23,45
-23,-31
19,45
-19,-26
27,2
-27,-48
28,45
-28,-48
29,45
-29,-47
29,45
-29,-23
22,45
-22,-7
24,2
-24,-46
24,45
-24,-10
14,43
-14,-12
0,-27
26,2
-26,-41
24,45
-24,-51
25,45
-25,-85
37,48
-37,-15
28,45
-28,-40
27,45
-27,-49
28,45
-28,-50
29,45
-29,-87
38,58
-38,-14
29,45
-29,-52
30,45
-30,-80
37,58
-37,-21
30,45
-30,-48
31,45
-31,-31
27,45
-27,-45
27,45
-27,-49
28,45
-28,-50
29,45
-29,-24
22,45
-22,-34
19,45
-19,-43
19,45
-19,-25
26,3
-26,-27
20,45
-20,-54
23,45
-23,-57
28,45
-28,-46
29,45
-29,-48
30,45
-30,-49
31,45
-31,-49
32,45
-32,-47
33,45
-33,-30
28,45
-28,-31
23,45
-23,-49
25,45
-25,-38
22,45
-22,-91
39,45
-39,-75
40,58
-40,-79
40,58
4,-76
29,2
-67,-29
40,58
18,2
-58,-49
40,58
12,0
-34,-32
30,46
-45,-34
36,58
-45,-38
38,58
-38,-49
39,49
-39,-19
30,45
-30,-27
24,45
-24,-24
17,45
-17,-18
23,1
-23,-43
22,45
-22,-23
15,45
-15,-25
23,2
-23,-31
18,45
-18,-12
22,1
-22,-47
22,45
-22,-30
17,45
-17,-27
26,2
-26,-28
20,45
-20,-26
14,45
-14,-24
22,0
-22,-34
18,45
-18,-26
26,2
-26,-27
19,45
-19,-42
19,45
-19,-15
23,2
-23,-35
20,45
-20,-29
14,45
-14,-35
26,0
-26,-51
28,45
-28,-47
29,45
-29,-29
24,45
-24,-41
23,45
-23,-33
19,45
-19,-28
13,44
-13,-15
0,15
0,-65
20,45
-20,-56
24,45
-24,-29
19,45
-19,-30
13,45
-13,-42
13,43
-13,-13
0,-8
20,1
-20,-31
15,45
-15,-25
23,2
-23,-40
21,45
-21,-14
26,1
-26,-31
21,45
-21,-45
21,45
-21,-39
19,45
-19,-29
13,45
-13,-24
21,1
-21,-26
14,45
-14,-29
24,2
-24,-31
19,45
-19,-29
13,45
-13,-24
21,2
-21,-31
16,45
-16,-27
25,0
-25,-29
19,45
-19,-23
12,45
-12,-28
21,2
-21,-43
19,45
-19,-39
17,45
-17,-23
25,2
-25,-46
25,45
-25,-31
20,45
-20,-8
23,0
-23,-40
21,45
-21,-8
24,0
-24,-46
24,45
-24,-34
21,45
-21,-46
21,45
-21,-42
20,45
-20,-32
16,45
-16,-41
14,45
-14,-39
13,45
-13,-29
22,2
-22,-52
24,45
-24,-51
26,45
-26,-91
38,58
-38,-27
31,45
-31,-80
39,58
-39,-16
29,45
-29,-52
32,45
-32,-27
26,45
-26,-35
22,45
-22,-34
18,45
-18,-32
14,45
-14,-29
24,0
-24,-35
20,45
-20,-18
10,45
-10,-26
19,2
-19,-31
13,45
-13,-29
24,1
-24,-31
18,45
-18,-41
17,45
-17,-30
11,45
-11,-58
17,45
-17,-18
23,0
-23,-51
25,45
-25,-54
28,45
-28,-46
28,45
-28,-59
34,45
-34,-34
30,45
-30,-41
28,45
-28,-49
29,45
-29,-42
27,45
-27,-51
30,45
-30,-35
26,45
-26,-57
30,45
-30,-47
31,45
-31,-58
36,47
-36,-28
29,45
-29,-87
40,58
-40,-17
30,45
-30,-76
37,58
-37,-38
33,45
-33,-85
40,58
-40,-75
40,58
19,-26
-42,-98
52,51
8,1
-69,-22
52,51
2,-85
35,1
-47,36
33,0
-59,-19
47,52
-69,-18
52,52
-43,-100
52,51
13,0
-54,-18
53,21
-69,-16
52,51
-43,-100
52,51
12,0
-59,-21
52,38
-49,-30
60,0
-53,-13
58,1
-48,-14
53,1
-40,17
33,2
-55,-3
55,2
-57,1
56,2
-60,-1
60,0
-47,-20
55,0
-48,19
40,1
-59,-1
59,2
-68,-9
52,51
-68,-16
52,52
-42,-62
52,39
-63,-28
52,51
-41,-98
52,51
8,2
-69,-21
52,51
-10,-61
39,1
-52,-22
60,0
-50,20
42,1
-61,-4
43,52
-44,-51
43,52
-39,-32
51,1
-66,-15
52,51
-47,-51
52,41
-64,-17
50,52
-46,-82
52,51
7,-2
-38,-95
52,51
-20,-53
41,2
-49,26
39,0
-46,22
37,2
-52,-11
55,2
-50,-13
54,2
-49,15
43,1
-57,-6
59,1
-60,-3
57,11
-49,-12
53,1
-51,-12
55,1
-50,17
43,1
-50,-13
55,2
-60,-17
60,16
-46,-1
46,2
-61,-7
